split,conf 기준,class,정답 박스,예측 박스,정답(TP),오탐(FP),미탐(FN),% Correct Predictions,탐지율 %,Average Confidence,Avg Conf (TP),Avg Conf (FP)
val,0.25,car,25,25,25,0,0,100.0,100.0,0.9616438341140747,0.9616438341140747,
val,0.25,dummy,25,25,25,0,0,100.0,100.0,0.9752120041847229,0.9752120041847229,
val,0.25,all,50,50,50,0,0,100.0,100.0,0.9684279191493989,0.9684279191493989,
val,0.935,car,25,25,25,0,0,100.0,100.0,0.9616438341140747,0.9616438341140747,
val,0.935,dummy,25,25,25,0,0,100.0,100.0,0.9752120041847229,0.9752120041847229,
val,0.935,all,50,50,50,0,0,100.0,100.0,0.9684279191493989,0.9684279191493989,
test,0.25,car,12,12,12,0,0,100.0,100.0,0.9634873221317927,0.9634873221317927,
test,0.25,dummy,12,12,12,0,0,100.0,100.0,0.9739343523979187,0.9739343523979187,
test,0.25,all,24,24,24,0,0,100.0,100.0,0.9687108372648557,0.9687108372648557,
test,0.923,car,12,12,12,0,0,100.0,100.0,0.9634873221317927,0.9634873221317927,
test,0.923,dummy,12,12,12,0,0,100.0,100.0,0.9739343523979187,0.9739343523979187,
test,0.923,all,24,24,24,0,0,100.0,100.0,0.9687108372648557,0.9687108372648557,
