run,class,precision,recall,mAP50,mAP50-95
car_dummy_v8n (yolov8n),car,0.9961289259854852,1.0,0.995,0.9136580086580087
car_dummy_v8n (yolov8n),dummy,0.9874985975988626,1.0,0.995,0.9849166666666667
car_dummy_v8s (yolov8s),car,0.9667923245794259,1.0,0.995,0.8773636363636366
car_dummy_v8s (yolov8s),dummy,0.07512647627184756,0.08333333333333333,0.13887993001266907,0.12217493331494808
car_dummy_11n (yolo11n),car,0.9963177082565831,1.0,0.995,0.9404666666666668
car_dummy_11n (yolo11n),dummy,0.9932133232610669,1.0,0.995,0.9870000000000001
car_dummy_11s (yolo11s),car,0.9966479579628551,1.0,0.995,0.8894545454545455
car_dummy_11s (yolo11s),dummy,0.9857464742885631,1.0,0.995,0.9675208333333334
car_dummy_26n (yolo26n),car,0.9956398418313224,1.0,0.995,0.9695833333333332
car_dummy_26n (yolo26n),dummy,0.9927346311904981,1.0,0.995,0.9849166666666667
car_dummy_26s (yolo26s),car,0.9955161090385863,1.0,0.995,0.9533333333333335
car_dummy_26s (yolo26s),dummy,0.994510373059525,1.0,0.995,0.9692000000000001
