run,conf 기준,class,정답 박스,예측 박스,정답(TP),오탐(FP),미탐(FN),% Correct Predictions,탐지율 %,Average Confidence,Avg Conf (TP),Avg Conf (FP)
car_dummy_v8n (yolov8n),0.25,car,12,12,12,0,0,100.0,100.0,0.9203917384147644,0.9203917384147644,
car_dummy_v8n (yolov8n),0.25,dummy,12,12,12,0,0,100.0,100.0,0.9467244495948156,0.9467244495948156,
car_dummy_v8n (yolov8n),0.25,all,24,24,24,0,0,100.0,100.0,0.93355809400479,0.93355809400479,
car_dummy_v8s (yolov8s),0.25,car,12,11,11,0,1,100.0,91.66666666666667,0.7204786105589434,0.7204786105589434,
car_dummy_v8s (yolov8s),0.25,dummy,12,0,0,0,12,,0.0,,,
car_dummy_v8s (yolov8s),0.25,all,24,11,11,0,13,100.0,45.833333333333336,0.7204786105589434,0.7204786105589434,
car_dummy_11n (yolo11n),0.25,car,12,12,12,0,0,100.0,100.0,0.9634873221317927,0.9634873221317927,
car_dummy_11n (yolo11n),0.25,dummy,12,12,12,0,0,100.0,100.0,0.9739343523979187,0.9739343523979187,
car_dummy_11n (yolo11n),0.25,all,24,24,24,0,0,100.0,100.0,0.9687108372648557,0.9687108372648557,
car_dummy_11s (yolo11s),0.25,car,12,12,12,0,0,100.0,100.0,0.8747786035140356,0.8747786035140356,
car_dummy_11s (yolo11s),0.25,dummy,12,12,12,0,0,100.0,100.0,0.9052403221527735,0.9052403221527735,
car_dummy_11s (yolo11s),0.25,all,24,24,24,0,0,100.0,100.0,0.8900094628334045,0.8900094628334045,
car_dummy_26n (yolo26n),0.25,car,12,12,12,0,0,100.0,100.0,0.9328696777423223,0.9328696777423223,
car_dummy_26n (yolo26n),0.25,dummy,12,12,12,0,0,100.0,100.0,0.9526617377996445,0.9526617377996445,
car_dummy_26n (yolo26n),0.25,all,24,24,24,0,0,100.0,100.0,0.9427657077709833,0.9427657077709833,
car_dummy_26s (yolo26s),0.25,car,12,12,12,0,0,100.0,100.0,0.9196796069542567,0.9196796069542567,
car_dummy_26s (yolo26s),0.25,dummy,12,12,12,0,0,100.0,100.0,0.9273752967516581,0.9273752967516581,
car_dummy_26s (yolo26s),0.25,all,24,24,24,0,0,100.0,100.0,0.9235274518529574,0.9235274518529574,
