항목,best epoch 값,마지막 epoch 값,"최적값(지표=최고, loss=최저)",최적 epoch,마지막 10 epoch 평균,마지막 10 epoch 표준편차
precision,0.99538,0.99675,0.99683,69,0.9964720000000001,0.00015640403518524793
recall,1.0,1.0,1.0,28,1.0,0.0
mAP50,0.995,0.995,0.995,29,0.9949999999999999,1.1702778228589004e-16
mAP50-95,0.93313,0.92357,0.93313,78,0.915408,0.009441071973033593
train box_loss,0.49599,0.38689,0.37658,97,0.41100000000000003,0.023788296375412098
val box_loss,0.39534,0.3508,0.34749,97,0.372737,0.01928096012477939
train cls_loss,0.36324,0.30416,0.29315,97,0.32031000000000004,0.01700024378910164
val cls_loss,0.3435,0.26572,0.26572,98,0.287794,0.01462176551127348
train dfl_loss,0.95916,0.92343,0.89292,96,0.911154,0.012493258804473524
val dfl_loss,0.98085,0.94925,0.85314,1,0.9622299999999999,0.009031819061271937
